hazard,product
listeria spp,sliced ham
escherichia coli,salami
enteroviruses,cooked chicken
pecan nut,ice cream
metal fragment,chicken based products
plastic fragment,bread
listeria monocytogenes,other dairy products
bulging packaging,wine
plastic fragment,cheese
listeria monocytogenes,ready to eat - cook meals
plastic fragment,minced beef
packaging defect,wine
Aflatoxin,tuna
chemical compound (high content),soy sauce
metal fragment,tomato sauce
polycyclic aromatic hydrocarbons,olive oil
soybeans and products thereof,ravioli
escherichia coli,cheese
incorrect use by dates,chicken breast
microbiological contamination,bottled mineral water
listeria monocytogenes,feta cheese
eggs and products thereof,breakfast cereals
metal fragment,prawns
eggs and products thereof,jellies
fish and products thereof,pâté
foreign bodies,ready to eat - cook meals
eggs and products thereof,biscuits
listeria monocytogenes,ham
soybeans and products thereof,pork sausage
peanuts and products thereof,basil pesto sauce
escherichia coli,ice cream
listeria monocytogenes,sliced ham
milk and products thereof,chocolate
chemical compound (high content),water for human consumption
walnut,ready to eat - cook meals
metal fragment,chicken breast
insects,biscuits
metal fragment,minced pork
misbranding,sausage
cereals containing gluten and products thereof,wraps
cereals containing gluten and products thereof,soup
yeasts,soft drinks
other not classified biological hazards,ready to eat - cook meals
glass fragment,ham
plastic fragment,ready to eat - cook meals
eggs and products thereof,other not classified meat products
listeria monocytogenes,feta cheese
cereals containing gluten and products thereof,cereal
eggs and products thereof,ice cream
metal fragment,fruit mix
escherichia coli,fruit mix
glass fragment,chocolate and hazelnut spread
unauthorised import,cheese
foreign bodies,cakes
rubber fragments,chicken
cereals containing gluten and products thereof,oyster sauce
peanuts and products thereof,cakes
escherichia coli,cheese
high content of cyanide,vinegar
glass fragment,chocolate
metal fragment,wraps
listeria monocytogenes,chicken breast
labelling/misdescription,potato salad
salmonella,ice cream
salmonella,ice cream
salmonella,ice cream
salmonella,ice cream
salmonella,peanuts
microbiological contamination,other not classified meat products
rubber fragments,soup
labelling/misdescription,sesame
specified risk material (srm),beef
labelling/misdescription,ice cream
escherichia coli,frozen beef patties
salmonella,eggs
salmonella,alfalfa sprouts
cereals containing gluten and products thereof,cookies
cereals containing gluten and products thereof,pastry products
salmonella,coriander
e 425 - konjac unauthorised,jellies
foreign bodies,snacks (various)
listeria monocytogenes,salads
soybeans and products thereof,alcoholic beverages
other,milk powder
listeria monocytogenes,chilled salads
listeria monocytogenes,sandwiches
milk and products thereof,basil pesto sauce
eggs and products thereof,donuts
escherichia coli,ground beef
listeria monocytogenes,pizza
salmonella,tomato sauce
milk and products thereof,dark chocolates
soybeans and products thereof,chorizo
glass fragment,wine
milk and products thereof,lamb
sulphur dioxide and sulphites,sauces
foreign bodies,ice cream
salmonella,angus beef
listeria monocytogenes,cheese
milk and products thereof,chicken
salmonella,ice cream
listeria monocytogenes,ham
listeria monocytogenes,ham
listeria monocytogenes,salads
undeclared additive,gluten free bread
salmonella,chocolate bars
cereals containing gluten and products thereof,confectionery
spoilage,cider
sulphur dioxide and sulphites,dried apricots
cereals containing gluten and products thereof,chicken based products
glass fragment,ready to eat - cook meals
escherichia coli,yoghurt
soybeans and products thereof,chicken preparations
milk and products thereof,pork pie
salmonella,seasoning
walnut,cookies
other not classified,dietary supplement
salmonella,pistachio nuts
salmonella,pistachio nuts
listeria monocytogenes,cheese
salmonella,peanuts
salmonella,peanuts
salmonella,ice cream
salmonella,cookies
salmonella,candies
soybeans and products thereof,biscuits
cereals containing gluten and products thereof,thermal processed pork meat
other,dietary supplement
inspection issues,raw beef meat
metal fragment,ice cream
bacillus spp.,garlic powder
salmonella,chicken
staphylococcus,pork sausage
soybeans and products thereof,chicken breast
soybeans and products thereof,seasoning
soybeans and products thereof,wine
milk and products thereof,sauce
listeria monocytogenes,chicken based products
cereals containing gluten and products thereof,chicken breast
pistachio nut,ice cream
toxin,herring
other,chicken based products
listeria monocytogenes,chicken breast
cereals containing gluten and products thereof,brownies
processing,whole chicken
sesame seeds and products thereof,crackers
improper conditions,hot dogs
plastic fragment,Veggie Burger
nuts,peanuts
escherichia coli,frozen beef patties
listeria monocytogenes,dip-sauce
listeria monocytogenes,dip-sauce
peanuts and products thereof,pork sausage
peanuts and products thereof,pork sausage
inspection issues,pig meat - pork
eggs and products thereof,chicken breast
peanuts and products thereof,cakes
peanuts and products thereof,ground almonds
nuts,honeycomb
sulphur dioxide and sulphites,dried plums
sulphur dioxide and sulphites,plums
listeria monocytogenes,beef products
eggs and products thereof,ice cream
salmonella,chicken broth
listeria monocytogenes,dried beef meat
other,chilled beef preparations
unauthorised colour sudan 4,palm oil
milk and products thereof,pasta
listeria monocytogenes,salmon
salmonella,garlic powder
plastic fragment,soup
cereals containing gluten and products thereof,almond powder
salmonella,pork carcass(es)
escherichia coli,feta cheese
milk and products thereof,coconut juice
inspection issues,turkey and turkey preparations
milk and products thereof,coconut juice
moulds,snacks (various)
milk and products thereof,coconut milk
abnormal smell,chilled chicken wings
glass fragment,buns
clostridium botulinum,salmon
escherichia coli,gorgonzola cheese
coliforms,milk
salmonella,sandwiches
plastic fragment,potato chips
inspection issues,ravioli
peanuts and products thereof,snack mix
milk and products thereof,corn
salmonella,pistachio nuts
escherichia coli,nuts and nuts products
salmonella,granola
salmonella,chia seeds
listeria monocytogenes,chicken preparations
cashew,almonds
almond,prepared dishes and snacks
sulphur dioxide and sulphites,pickled ginger
milk and products thereof,corn
listeria monocytogenes,salads
milk and products thereof,cinnamon rolls
milk and products thereof,cakes
milk and products thereof,dietary supplement
plastic fragment,cooked chicken
peanuts and products thereof,cookies
soybeans and products thereof,chicken breast
milk and products thereof,milk drink
listeria monocytogenes,sunflower seed
listeria monocytogenes,bars
listeria monocytogenes,sunflower seed
salmonella,bean sprouts
listeria monocytogenes,protein balls
peanuts and products thereof,cookies
listeria monocytogenes,bars
listeria monocytogenes,frozen peas
salmonella,macadamia nuts
soybeans and products thereof,pudding
listeria monocytogenes,chicken preparations
escherichia coli,chicken breast
eggs and products thereof,salami sticks
unauthorised import,frozen fish fillets
milk and products thereof,chocolate bars
listeria monocytogenes,thermal processed pork meat
soybeans and products thereof,flavoured whey protein preparations
eggs and products thereof,lasagne
plastic fragment,curry
metal fragment,ground beef
inspection issues,other not classified meat products
salmonella,macadamia nuts
salmonella,sesame
salmonella,sesame
milk and products thereof,ice cream
listeria monocytogenes,salmon
plastic fragment,chicken based products
eggs and products thereof,soup
processing,chicken based products
peanuts and products thereof,almond products
listeria monocytogenes,mashed chickpeas (hummus)
incorrect use by dates,bean sprouts
milk and products thereof,cookies
milk and products thereof,chocolate wafers
salmonella,bread and products therefor
salmonella,tortilla chips
spoilage,sauces
salmonella,various bakery products
salmonella,chocolate products
eggs and products thereof,soup
cashew,almonds
nuts,salads
listeria monocytogenes,cow milk cheese
escherichia coli,ricotta cheese
metal fragment,minced beef
listeria monocytogenes,cheese
milk and products thereof,salami
listeria monocytogenes,baby spinach
listeria monocytogenes,pizza
foreign bodies,ground beef
spoilage,soup
chemical compound (unauthorised),Catfishes (freshwater)
peanuts and products thereof,seasoning
listeria monocytogenes,ice cream
escherichia coli,veal
escherichia coli,other not classified meat products
listeria monocytogenes,ham
salmonella,ginger powder
escherichia coli,ground beef
escherichia coli,veal
listeria monocytogenes,sandwiches
escherichia coli,flour
soybeans and products thereof,sandwiches
plastic fragment,minced beef
soybeans and products thereof,cookies
sulphur dioxide and sulphites,sandwiches
cereals containing gluten and products thereof,black pepper
rubber fragments,potato salad
packaging defect,yoghurt
norovirus,cakes
misdescription,pork belly
peanuts and products thereof,nut-almond mixture
milk and products thereof,chicken based products
glass fragment,rice
peanuts and products thereof,milk chocolate covered raisins
cereals containing gluten and products thereof,breakfast cereals
milk and products thereof,beer
mustard and products thereof,soup
cashew,nuts
clostridium botulinum,soup
peanuts and products thereof,baklava
fish and products thereof,chicken based products
milk and products thereof,dark chocolates
escherichia coli,salads
clostridium botulinum,salmon
almond,biscuits
eggs and products thereof,beef
inspection issues,frozen beef
peanuts and products thereof,wraps
glass fragment,chicken based products
milk and products thereof,coconut juice
milk and products thereof,jam
sesame seeds and products thereof,halva
misbranding,chicken based products
cereals containing gluten and products thereof,potato salad
salmonella,tahini (sesame paste)
fish and products thereof,food supplement
listeria monocytogenes,turnips
other not classified,corn
mustard and products thereof,spice mix
bad smell / off odor,semi-soft cheese
other not classified,candies
salmonella,cardamom seeds
heavy metals,algae
salmonella,onions
almond,tea
salmonella,ground turmeric
peanuts and products thereof,ice cream
poor hygienic state,cakes
escherichia coli,pork meat
listeria monocytogenes,prepared salads
milk and products thereof,waffles
salmonella,mitragyna speciosa (kratom)
plastic fragment,margarine
milk and products thereof,potato chips
bulging packaging,carbonated beverage
metal fragment,thermal processed pork meat
plastic fragment,protein bar
inspection issues,ravioli
other,dietary supplement
salmonella,sprouts
misbranding,chilled smoked ham
bad smell / off odor,carbonated beverage
crustaceans and products thereof,dumplings
inspection issues,chilled chicken
eggs and products thereof,wine
peanuts and products thereof,chicken based products
listeria monocytogenes,frozen vegetables
salmonella,chicken based products
salmonella,milk proteins
product category/characteristics,dried beef meat
listeria monocytogenes,chicken based products
cereals containing gluten and products thereof,millet
metal fragment,Fishes not identified
cereals containing gluten and products thereof,Fishes not identified
inspection issues,frozen dumplings with pork
other not classified chemical hazards,coffee drink
other,lemonade (lemon soda)
milk and products thereof,mayonnaise
spoilage,burrito (ready to eat)
pistachio nut,chocolate products
sulphur dioxide and sulphites,mango
salmonella,chicken based products
eggs and products thereof,other not classified meat products
walnut,muesli
soybeans and products thereof,chocolate bars
plastic fragment,fruit pies
salmonella,raw beef meat
eggs and products thereof,wraps
walnut,candies
metal fragment,chicken based products
almond,vanilla drink
spoilage,salami
stones,rice
insects,crisps
milk and products thereof,chicken
milk and products thereof,chicken based products
listeria monocytogenes,brie cheese
milk and products thereof,seasoning
milk and products thereof,cakes
inspection issues,Catfishes (freshwater)
peanuts and products thereof,chicken preparations
cereals containing gluten and products thereof,bread and products therefor
salmonella,turkey and turkey preparations
milk and products thereof,pastry products
glass fragment,energy drink
listeria monocytogenes,tzatziki sauce
eggs and products thereof,bread
listeria monocytogenes,tahini
listeria monocytogenes,chicken based products
milk and products thereof,spread
escherichia coli,sultanas
soybeans and products thereof,chicken based products
eggs and products thereof,Fishes not identified
listeria monocytogenes,salmon
plastic fragment,soup
milk and products thereof,almond milk
incorrect use by dates,pork sausage
cereals containing gluten and products thereof,corn
eggs and products thereof,seasoning
plastic fragment,chicken based products
escherichia coli,milk
heavy metals,bottled mineral water
sesame seeds and products thereof,bean sauce
spoilage,organic figs
milk and products thereof,protein bar
milk and products thereof,cakes
sulphur dioxide and sulphites,lasagne
plastic fragment,chicken breast
sulphur dioxide and sulphites,dried apples
milk and products thereof,soya drink
cereals containing gluten and products thereof,brownies
bone fragment,chicken based products
salmonella,masala spice mix
milk and products thereof,beef products
milk and products thereof,corn
escherichia coli,flour
soybeans and products thereof,frozen chicken
milk and products thereof,chicken
listeria monocytogenes,frozen diced chicken roast
listeria monocytogenes,chicken based products
poor or insufficient controls,sauce
listeria monocytogenes,precooked cooked beef meat products
milk and products thereof,dark chocolates
pseudomonas spp.,bottled water
milk and products thereof,ready to eat - cook meals
listeria monocytogenes,smoked sausage
listeria monocytogenes,cheese
listeria monocytogenes,mozzarella cheese
celery and products thereof,noodle
soybeans and products thereof,nut and fruit mixture
salmonella,fruit mix
fish and products thereof,flavoured whey protein preparations
salmonella,tahini
listeria monocytogenes,sandwiches
eggs and products thereof,chicken based products
escherichia coli,veal
listeria monocytogenes,eggs
plastic fragment,pastry tartlets
plastic fragment,lamb
milk and products thereof,ready to eat - cook meals
sesame seeds and products thereof,peanuts
norovirus,oysters
celery and products thereof,marzipan
milk and products thereof,spring rolls
incorrect use by dates,chicken based products
milk and products thereof,Fishes not identified
novel food,spring rolls
novel food,spring rolls
brazil nut,brazil nuts
incorrect labeling,chocolate bars
salmonella,pancakes
listeria monocytogenes,salmon
sulphur dioxide and sulphites,dried mushrooms
eggs and products thereof,cakes
listeria monocytogenes,fresh mushrooms
patulin,fruit juice
incorrect use by dates,cocktail sausage rolls
damaged packaging,Fishes not identified
moulds,dip-sauce
undeclared additive,dumplings
inspection issues,pizza
milk and products thereof,fish products
milk and products thereof,ice cream
salmonella,curry
cyclospora,salads
milk and products thereof,chocolate drink powder
eggs and products thereof,algae
listeria monocytogenes,sandwiches
salmonella,onions
salmonella,peaches
fish and products thereof,sauces
listeria monocytogenes,chicken breast
milk and products thereof,organic figs
peanuts and products thereof,candies
escherichia coli,ground beef
plastic fragment,cheddar cheese
milk and products thereof,dark chocolates
eggs and products thereof,ready to eat - cook meals
listeria monocytogenes,raw goat milk cheese
other not classified chemical hazards,bottled water
unauthorised substance ethylene oxide,snack mix
plastic fragment,breakfast cereals
moulds,non-alcoholic beer
salmonella,halva
unauthorised substance ethylene oxide,cookies
escherichia coli,cupcakes
pecan nut,cookies
milk and products thereof,chicken based products
cereals containing gluten and products thereof,frozen whole fish
salmonella,chicken based products
unauthorised substance ethylene oxide,tahini
plastic fragment,ready to eat - cook meals
allergens,garlic powder
eggs and products thereof,prepared salads
soybeans and products thereof,ready to eat - cook meals
metal fragment,pepperoni
clostridium botulinum,mushrooms
soybeans and products thereof,pasta
milk and products thereof,corn
eggs and products thereof,pancakes
glass fragment,spread
milk and products thereof,cookies
unauthorised substance ethylene oxide,soft drinks
listeria monocytogenes,pet feed
almond,dried fruits with chocolate
salmonella,sesame oil
bacillus spp.,bean sauce
sesame seeds and products thereof,chicken based products
peanuts and products thereof,almond products
milk and products thereof,tortilla chips
fish and products thereof,tomato sauce
cereals,pickled beetroot
milk and products thereof,pastry
sesame seeds and products thereof,bread
listeria monocytogenes,blue cheese
glass fragment,bakery products
processing,beans
soybeans and products thereof,soy products
microbiological contamination,cakes
escherichia coli,oysters
milk and products thereof,high protein bars
milk and products thereof,desserts
listeria monocytogenes,cabbage
sulphates/sulphites,dried apricots
chemical compound (unauthorised),dietary supplement
salmonella,seasoning
peanuts and products thereof,dark chocolates
unauthorised substance ethylene oxide,ice cream
milk and products thereof,potato chips
sulphur dioxide,dried shrimp noodles
plastic fragment,chicken based products
salmonella,other not classified meat products
incorrect use by dates,onions
listeria monocytogenes,tofu
listeria monocytogenes,pork meat
other,pet feed
listeria monocytogenes,salmon
sulphur dioxide,cabbage
improper conditions,food supplement
listeria monocytogenes,cauliflower
milk and products thereof,lollipops
listeria monocytogenes,fruits and vegetables
hazelnut,milk chocolates
mustard and products thereof,grissini breadsticks
salmonella,tahini (sesame paste)
salmonella,butter
milk and products thereof,muesli
salmonella,chicken based products
milk and products thereof,soup
unauthorised operator,butter
listeria monocytogenes,fresh mushrooms
plastic fragment,orange sugar paste
salmonella,infant formula
too high content of tetrahydrocannabinol (THC),cbd oil
heavy metals,alcoholic beverages
other,tomatoes
peanuts and products thereof,chocolate and chocolate products
salmonella,ready to eat - cook meals
glass fragment,mussels
other not classified,lime
salmonella,ready to eat - cook meals
sulphur dioxide and sulphites,mango
mustard and products thereof,sausage
fish and products thereof,thermal processed pork meat
salmonella,chocolate products
salmonella,chocolate products
salmonella,blue poppy seeds
peanuts and products thereof,desserts
cereals containing gluten and products thereof,cereals
salmonella,peanuts
"antibiotics, vet drugs",food supplement
escherichia coli,protein bar
unauthorised substance ethylene oxide,ice cream
cashew,salads
milk and products thereof,protein bar
plastic fragment,cookies
peanuts and products thereof,biscuits
almond,dried fruits with chocolate
